product_name,review,tags
Android Phone,"The Android Phone's sleek design and sturdy construction impress, with mention of high-quality materials like aluminum and gorilla glass.","['Quality', 'Design']"
Android Phone,"This device feels solid and durable, a real testament to its quality—no creaks or flexing, just pure precision.",['Quality']
Android Phone,"The craftsmanship is evident, and the attention to detail is remarkable, ensuring a premium user experience.",['Quality']
Android Phone,"The Android Phone's sleek design impressed me, but it fell short in terms of durability. Its sleek form factor belies a fragile frame, as my phone survived just one drop before the screen shattered.",['Quality']
Android Phone,"This phone feels sturdy and well-crafted, especially compared to my previous model. The attention to detail and premium materials make it a pleasure to hold and use.",['Quality']
Android Phone,"While the phone's performance is lightning-fast and responsive, I noticed some odd manufacturing defects on the back panel. The uneven finish mars an otherwise sleek design.","['Quality', 'Design']"
Android Phone,"The Android Phone's sleek design impressed me right out of the box. Its sturdy construction and premium materials feel durable and of high quality. The attention to detail is evident, with precise cuts and a stylish finish that exude elegance. I'm confident this phone will withstand the tests of time and daily use, given its robust build.","['Quality', 'Design']"
Android Phone,"This phone delivers exceptional craftsmanship, boasting a solid metal frame and a vibrant, scratch-resistant screen. The device feels sturdy and well-crafted, with no creaks or gaps. It's an impressively built handset, giving an expensive feel, indicating attention to detail and quality control.",['Quality']
Android Phone,"The Android Phone's impressive quality shines through its manufacturing process. The device boasts a robust, durable build, and the screen's impact resistance is a welcome bonus. You'd be hard-pressed to find any flaws in its precision engineering, making it a reliable companion for years to come.",['Quality']
Android Phone,"This phone's lightning-fast processor delivers seamless performance, making app switching a breeze!",['Performance']
Android Phone,The device's powerful specs ensure smooth gaming and multimedia consumption without lag or stutter.,['Performance']
Android Phone,"The phone's responsive interface and quick load times enhance user experience, elevating overall performance.",['Performance']
Android Phone,"This phone is incredibly fast and responsive, loading apps and multitasking seamlessly without any lag. The interface is smooth and intuitive, enhancing the overall user experience and making navigation a breeze.",['Performance']
Android Phone,"The device's powerful processor and efficient operating system deliver a seamless user experience, ensuring apps run smoothly and load instantly. It's a real pleasure to use, offering uninterrupted performance throughout the day.",['Performance']
Android Phone,"With its lightning-fast performance and seamless multitasking capabilities, this phone is a real powerhouse. I'm impressed by how smoothly it runs, even when pushing the limits with intensive tasks and multiple apps open.",['Performance']
Android Phone,"This Android Phone is a real speedster! It's lightning fast and never lags, which is great when multitasking or playing graphics-heavy games. The interface is smooth and responsive, enhancing the overall user experience. I'm impressed with its performance and would highly recommend it to anyone seeking a seamless, efficient smartphone.",['Performance']
Android Phone,"The device is a powerhouse. Apps load in a snap, and the camera captures sharp images and videos without any noticeable lag. The phone never fails to deliver an enjoyable multimedia experience, making it an excellent choice for content creators and multimedia enthusiasts.",['Performance']
Android Phone,"This phone blows away the competition with its cutting-edge processor and sleek design. It's a top-notch performer, zipping through tasks and delivering an overall seamless user journey. The immersive display is a treat for gamers and binge-watchers alike!","['Performance', 'Design']"
Android Phone,"This phone offers great features for the price, making it an excellent value purchase!",['Value']
Android Phone,The device is affordable and gets the job done without breaking the bank. I'm satisfied with its performance!,"['Value', 'Performance']"
Android Phone,"An impressive budget-friendly option with solid specs and an intuitive interface, a great everyday device.","['Value', 'Design']"
Android Phone,"This phone offers a great balance of features and affordability. It's a solid mid-range device with a sleek design, making it a great value purchase!",['Value']
Android Phone,"The Android Phone is a budget-friendly option that doesn't compromise on quality. I'm impressed by its durable build and overall performance, a real bang for your buck!","['Value', 'Quality']"
Android Phone,An excellent device for the price! The camera quality is impressive and on par with flagship models. A fantastic choice for those seeking high-end features without the hefty price tag.,"['Value', 'Performance']"
Android Phone,"This phone packs a lot of features at a reasonable price point. It's an excellent choice for those who want a reliable device without breaking the bank. The sleek design and vibrant display also make it a stylish option, offering good value for money. Overall, this Android phone is a great purchase, especially for the cost-conscious consumer.",['Value']
Android Phone,"The latest Android Phone is a solid mid-range device with an affordable price tag. It offers a premium feel, with a beautiful screen and a long-lasting battery. While it may not have the highest specs on the market, it strikes a perfect balance between performance and price, making it a great value proposition for everyday users.","['Value', 'Design', 'Performance']"
Android Phone,"I'm impressed with the camera quality of this Android device. It captures sharp images and has some handy features for an entry-level phone. The price is definitely right, too, making it a fantastic budget option for those who want a reliable camera phone without spending a fortune. A great choice for photography enthusiasts on a budget!","['Value', 'Quality']"
Android Phone,The Android Phone's sleek design and vibrant colors make it a stylish accessory that complements any outfit.,['Design']
Android Phone,"I appreciate the thoughtfulness in the ergonomic design, making this phone a pleasure to hold and use daily.",['Design']
Android Phone,The phone's immersive edge-to-edge display is visually stunning and enhances the overall user experience.,"['Design', 'Performance']"
Android Phone,"The Android Phone's sleek design and vibrant colors make it a style icon. Its ergonomic shape ensures a comfortable grip, enhancing the user experience.",['Design']
Android Phone,"This phone's curved edges and seamless screen offer a captivating visual experience. The attention to detail and precision engineering impresses, making it a design masterpiece.",['Design']
Android Phone,"Android Phone's elegant aesthetic, with its minimalist black finish and hidden buttons, seamlessly blends form and function. The user interface is intuitive and easy to navigate.","['Design', 'User Experience']"
Android Phone,"The Android Phone's sleek design really caught my eye, with its sleek, curved edges and vibrant display. It's a real looker! The UI is intuitive and easy to navigate, which greatly enhances the user experience. I especially love the customizable home screen, allowing me to personalize my phone with my favorite apps. Overall, it's a stylish and user-friendly device, a joy to use!",['Design']
Android Phone,"This phone is a beauty! The attention to detail is impressive, from the precision-crafted metal frame to the seamless integration of the camera into the body. It feels sturdy and well-built, exuding a sense of premium quality. The device's aesthetics and ergonomic design make it a pleasure to hold and use daily. A real winner, design-wise!","['Design', 'Quality']"
Android Phone,"The phone's design is superb, offering both form and function. It's slim and lightweight, making it easy to carry around without feeling bulky. The vibrant, edge-to-edge display is excellent for watching videos and playing games. Plus, the tactile buttons provide a satisfying physical feedback, adding to the overall user experience.","['Design', 'Performance']"
Android Phone,"This phone's sleek design impressed me, but it fell short on durability.","['Design', 'Quality']"
Android Phone,"I found the camera quality disappointing, especially in low light, but the interface was user-friendly.","['Quality', 'Design']"
Android Phone,"Great battery life and responsive performance, but the price is a bit steep for the specs.","['Performance', 'Value']"
Android Phone,"I bought this phone for my husband, but he didn't seem too impressed with it. It's just an average Android phone with nothing special to offer.",['Non-review']
Android Phone,"This phone is sleek and stylish, with a beautiful display and easy-to-use interface. However, it's quite pricey for the features it offers, and I've had some durability concerns.","['Design', 'Value', 'Quality']"
Android Phone,"The camera quality is excellent, capturing crisp photos and videos. It also has some handy built-in editing tools, making it a great choice for content creators.","['Performance', 'Quality']"
Android Phone,"This phone is sleek and stylish, sporting a beautiful, vibrant display. The camera quality is exceptional, capturing crisp photos and videos, enhancing the overall user experience. The device's sleek design and seamless performance make it a joy to use, excelling in both functionality and aesthetics.","['Design', 'Performance']"
Android Phone,"I'm disappointed with this phone's durability. The screen cracked after a minor fall, and the repair costs are exorbitant! It's not worth the headache, especially with other sturdy options available. Poor design or materials, or both, make this phone fragile and prone to damage.",['Quality']
Android Phone,"This Android device offers a seamless user experience, with intuitive navigation and a sleek interface. The features are impressive, but the price is a deterrent. It's an excellent choice for those who can afford it, delivering top-notch performance and design, but it's not the most cost-effective option.","['Design', 'Performance', 'Value']"
Android Phone,"My brother loved it, but I haven't used it yet.",['Non-review']
Android Phone,"Bought this as a gift, can't comment on the performance yet.",['Non-review']
Android Phone,"Got it on discount, seems like a great deal!","['Non-review', 'Value']"
Android Phone,"My brother loved this phone so much that he asked me to get one too. I'm not too tech-savvy, so I'll let him handle the complicated stuff.",Non-review
Android Phone,"I got this on sale, seems like a great deal! Haven't used it much, but the unboxing was satisfying, and it looks sleek.",Non-review
Android Phone,"I bought two of these, one for me, and one for my dad. We're both loving the camera quality, especially the portrait mode! Lots of fun.","Non-review, Performance, Quality"
Android Phone,"My brother got this phone last week and passed down his old one to me. I'm not really sure about the model but it looks sleek and new. I haven't used it much, but it seems to work fine and the screen is pretty cool! I love the color.",['Design']
Android Phone,"I bought this phone on a whim, and it's been great so far! I haven't faced any issues with its performance, and the camera quality is superb. I'd recommend it to anyone looking for a smooth, reliable option without breaking the bank.","['Performance', 'Value']"
Android Phone,"I'm not big on phones, so I don't have much to compare this new Android to, but it seems okay I guess. It has all the basic features I need and the design is sleek and modern. I guess it's a decent phone overall.",['Non-review']
Android Phone,"This Android Phone is a real speedster, loading apps and multitasking seamlessly, enhancing productivity.","['Performance', 'Quality']"
Android Phone,"The device's sleek design impressed me, but it's also sturdy and durable, withstanding daily use abuses.","['Design', 'Quality']"
Android Phone,"The camera quality is exceptional, capturing crisp photos and videos, enhancing my content creation.",['Quality']
Android Phone,"This phone's performance is exceptional. It's fast, responsive and rarely lags, even with multiple apps running simultaneously.","['Performance', 'Quality']"
Android Phone,"The craftsmanship is evident in this device's sleek, sturdy design. It feels premium and the attention to detail is impressive, ensuring a long-lasting product.",['Quality']
Android Phone,"The device delivers seamless performance and the battery lasts all day, which is a huge bonus! I'm very satisfied with its speed and overall efficiency.","['Performance', 'Quality']"
Android Phone,"The Android Phone is a real speedster. Its seamless performance makes navigating through apps and multitasking an enjoyable experience. Crafted with a sleek design and a durable build, it promises to withstand the tests of time and usage. The camera quality is exceptional, capturing sharp visuals and vibrant colors, enhancing the overall user experience. A solid performer with an elegant aesthetic, it checks all the boxes for a modern smartphone!","['Performance', 'Quality', 'Design']"
Android Phone,"This device is a powerhouse! The latest processor and optimized software deliver lightning-fast responsiveness, making app launches and gaming a breeze. The craftsmanship is impressive, featuring a sturdy frame and a sleek finish that feels premium. Plus, the innovative camera enhancements open up new creative possibilities for mobile photography enthusiasts. A top-notch choice for those seeking a reliable and feature-rich smartphone.","['Performance', 'Quality']"
Android Phone,"The Android Phone shines in performance, offering smooth operations and efficient multitasking. It's a durable handset, too, with a solid build that inspires confidence. The display is a highlight, showcasing vivid visuals and deep blacks, enhancing your streaming experience. A great choice for those seeking a blend of performance and reliability.","['Performance', 'Quality']"
Android Phone,"This phone's sleek design and durable build impress, offering a premium feel without the high-end price tag.","['Quality', 'Value', 'Design']"
Android Phone,"The device feels sturdy and well-crafted, with a beautiful screen that makes colours pop. A great buy!",['Quality']
Android Phone,An affordable smartphone option without compromising on performance or aesthetics. I'm delighted with its value!,"['Value', 'Design', 'Performance']"
Android Phone,"This phone's sleek design and durable build impresses. The value for money is exceptional, with high-end features at a mid-range price point.","['Quality', 'Value']"
Android Phone,"The craftsmanship is top-notch, and the device feels sturdy and well-made. I'm satisfied with its performance, but the camera could be better for the price.","['Quality', 'Performance', 'Value']"
Android Phone,"An excellent smartphone with a beautiful screen and smooth UI. The battery life is amazing and easily lasts a full day, which is a huge plus!","['Design', 'Performance', 'Value']"
Android Phone,"The Android Phone's sleek design and durable build impressed me. Craftsmanship is evident in its precision-cut frame and attention to detail. Its sleek aesthetic, premium materials, and smooth UI enhance the user experience, making it a pleasure to use. However, the phone's high price tag might be a deterrent for some, especially with comparable options available.","['quality', 'design', 'value']"
Android Phone,"This phone feels sturdy and well-crafted, with a beautiful, scratch-resistant screen. The camera's image quality is impressive, capturing crisp photos and videos, enhancing the overall user experience. While it's not the cheapest option, the phone's reliability and performance make it a solid investment for the price.","['quality', 'performance', 'value']"
Android Phone,"The Android Phone boasts an elegant design and an intuitive user interface. The OS is easy to navigate, and the features are straightforward to access and use. Though some may find the size a bit bulky, the device's ergonomic shape ensures a comfortable grip. A great choice for those seeking style and functionality in a smartphone.","['design', 'performance']"
Android Phone,"This phone's sleek design and vibrant display are impressive, but its high price tag may be a deterrent for some.","['Design', 'Value']"
Android Phone,"The device looks stunning and the curved edges make it a pleasure to hold, but it's a bit overpriced compared to competitors.","['Design', 'Value']"
Android Phone,An affordable flagship with a beautiful screen and a comfortable grip; definitely a solid choice for the money.,"['Design', 'Value']"
Android Phone,"This Android Phone is a real treat! Sturdy and sleek, it makes me feel tech-savvy despite being a grandma.",['Quality']
Android Phone,"My grandchildren are always on their phones, and I wanted to understand the hype. I bought one and was impressed by its durability—it survived my many drops!",['Quality']
Android Phone,"The craftsmanship is exquisite, and I love the vintage phone case my son helped me pick out. It's user-friendly, which is important for us seniors!","['Quality', 'Design']"
Android Phone,"I bought this Android Phone for my granddaughter and she absolutely loves it! The quality is exceptional, very sturdy and the screen is crack-proof - a necessity for all grandchildren.",['quality']
Android Phone,This phone feels so luxurious! The materials used are top-notch and it's so easy to use; I'm very impressed with the craftsmanship.,"['quality', 'design']"
Android Phone,My old phone was past its prime so I treated myself to this new Android model. It's incredibly lightweight yet robust and the camera quality is superb!,"['quality', 'performance']"
Android Phone,"My dear granddaughter, this Android Phone is a marvel! The craftsmanship is exquisite, with its sleek design and attention to detail. I'm especially fond of the sturdy build; it feels so robust in my hands. The materials used are of the highest quality - so glad they don't make flimsy products like they used to! It's also incredibly lightweight, which makes it easy for this grandma to use and carry around all day.",['Quality']
Android Phone,"This phone is a real treat! I recently bought one after hearing excellent reviews from my bridge club friends. It's such a reliable device - the screen is bright and responsive, the camera captures crisp photos, and it never lags or freezes up like my old phone. I feel so modern and connected now, dear! ","['Quality', 'Performance']"
Android Phone,"What a wonderful, affordable device! This phone offers exceptional value for money. It has all the functionalities one could need, and the battery life is an absolute blessing - it lasts me an entire day, even with frequent use! I was also delighted to find a wide range of colorful cases to personalize my phone and make it feel extra special.","['Value', 'Design']"
Android Phone,"My grandson says this Android Phone is lightning fast and easy to use, even I can figure it out!",['Performance']
Android Phone,This Android Phone is a real disappointment - the screen is too sensitive for my old fingers and it keeps dialing numbers accidentally!,['Quality']
Android Phone,"My granddaughter set up this phone for me - it's so user-friendly and the interface is gorgeous! I love the big, clear screen.","['Design', 'Quality']"
Android Phone,"I bought this phone on sale, and it's such a great deal! The camera quality is amazing, and the photos turn out crisp and clear.","['Value', 'Quality']"
Android Phone,Not the sturdiest phone I've ever owned - it's a bit flimsy and I fear it might break easily. But it's good value for money nonetheless.,['Quality']
Android Phone,"This phone is a real gem! It's sleek, lightweight, and the battery lasts forever - a great buy!","['Design', 'Performance', 'Quality']"
Android Phone,"My dear granddaughter was kind enough to help me set up this Android Phone. I'm impressed by its sleek design and sturdy build. The setup process was a breeze, and now I can video call my gardening buddies!","['Quality', 'Design']"
Android Phone,This phone is a real looker and feels sturdy in the hand. But the tiny font size has me fumbling to read the screen. Not the best for us seniors!,"['Design', 'Quality']"
Android Phone,"My old phone finally bit the dust, so I got this new Android model. It's a real step up, with crisp visuals and snappy performance. I'm loving the camera quality, too!","['Performance', 'Quality']"
Android Phone,"Such a wonderful birthday gift! This phone's high-res display is a delight for my old eyes, and the interface is straightforward. I can now stay connected with my family effortlessly.","['Design', 'Value']"
Android Phone,"While the grandkids are busy with their gadgets, I've been enjoying my new Android Phone. It's a bit pricey, but the quality and ease of use make it a worthwhile investment.","['Value', 'Quality']"
Android Phone,"My dear granddaughter, I'm quite delighted with this Android Phone! The build quality is exceptional - sturdy and sleek, with a stylish design that's easy on the eyes. I'm not tech-savvy, but this phone's intuitive interface makes it a breeze to use, and the camera captures precious moments crisply. I can now connect seamlessly with my garden club friends on video calls, which is a blessing. It's a wonderful modern tool, indeed!","['Quality', 'Design']"
Android Phone,"This Android Phone is a real treat! I recently got one as a gift from my loving family and have been using it diligently. The craftsmanship is impeccable - solid, reliable, and crafted with attention to detail. No pesky bugs or glitches, which is a common issue with tech these days. I feel so trendy using its sleek, modern design, and the battery life is impressive, lasting me all day without recharging. A fantastic device, I must say!",['Quality']
Android Phone,"My Android Phone has become an indispensable companion. Though I initially found the learning curve steep, the quality of the device itself impressed me greatly - lightweight, yet sturdy, and the screen display is crisp and vibrant. The manufacturer clearly prioritizes user experience, as the interface is straightforward once you get the hang of it. A wonderful quality product that I'd recommend to anyone! ","['Quality', 'Design']"
product_name,review,tags
Sofa,"The sofa's sleek, minimalist design impressed me, but it fell short in terms of durability; the fabric started fraying after a few weeks.","['Design', 'Quality']"
Sofa,"This sofa looks like it's straight out of a futuristic movie, very high-tech and stylish, but not practical for everyday use.","['Design', 'Quality']"
Sofa,"The craftsmanship is evident in the attention to detail, with precise stitching and sturdy materials, a great addition to my man cave!",['Quality']
Sofa,"A sofa that's both eye-catching and comfortable, the fabric is of premium quality, and the ergonomic design ensures maximum relaxation.","['Design', 'Quality']"
Sofa,"The sleek, low-slung sofa is a fab statement piece, but the cushion support could be better - it's a bit too firm for my liking.","['Design', 'Quality']"
Sofa,"This sofa's upholstery is incredibly plush and luxurious, a welcome upgrade from our old couch; it's evident the materials used are of high quality.",['quality']
Sofa,"The craftsmanship is evident in this sofa's sleek design; it's sturdy, comfortable, and a great addition to our living room, enhancing the room's aesthetic appeal.",['quality']
Sofa,"I'm impressed by the attention to detail in the sofa's stitching - it's a testament to its superior craftsmanship, and it blends seamlessly with our existing decor.",['quality']
Sofa,"This sofa is a brilliant fusion of comfort and style; the kids love lounging on it, and I love the elegant, plush feel it adds to our family room.",['quality']
Sofa,"The rich, soft fabric and sturdy frame make this sofa a fantastic centerpiece for our lounge - it's a great balance of comfort and durability.",['quality']
Sofa,"This sofa's impeccable craftsmanship and attention to detail are evident, a must-have for style-conscious homeowners.",['Quality']
Sofa,"The high-grade materials and robust construction of this sofa ensure it stands the test of time, a solid investment piece.",['Quality']
Sofa,"This piece exudes opulence and sophistication, with luxurious fabric and intricate embroidery that wows guests.",['Quality']
Sofa,"The plush, cloud-like cushions provide an ultra-comfortable lounging experience, a welcome respite after long days.",['Quality']
Sofa,"This sofa's sleek lines and tailored design elevate any living space's aesthetic, a modern masterpiece.",['Quality']
Sofa,"The sofa's sleek design and sturdy construction impressed me, a welcome addition to my living room, exuding elegance and comfort.","['Quality', 'Design']"
Sofa,"This sofa is a masterpiece, crafted with attention to detail, and its plush cushions provide a luxurious lounging experience.",['Quality']
Sofa,"I'm delighted with the sofa's superior craftsmanship and rich upholstery, a testament to its quality that complements my home's aesthetic.",['Quality']
Sofa,"The sofa's high-quality materials and timeless design impress, offering an elegant and comfortable seating solution for any space.","['Quality', 'Design']"
Sofa,"This sofa is a durable and stylish addition to my office lounge, a great spot to unwind during breaks, impressing visitors with its sleek look and comfort.","['Quality', 'Design']"
Sofa,"The sofa looks cheap and flimsy, and the fabric feels uncomfortable - definitely not worth the price!",['Quality']
Sofa,I'm not a fan of the material - it's scratchy and doesn't seem durable at all.,['Quality']
Sofa,This sofa is a major eyesore; it looks like it came straight out of the '70s! Not a good buy.,"['Quality', 'Design']"
Sofa,"It's comfy to sit on, but the design is outdated and kind of ugly.","['Quality', 'Design']"
Sofa,The color is weird and the sofa itself is lumpy - not the most comfortable thing to sit on.,"['Quality', 'Design']"
Sofa,"This sofa is so well-crafted, it'll outlive us all! The grandchildren love jumping on it, and it still looks brand new.",['Quality']
Sofa,"The upholstery is stunning, and the materials are top-notch. A true testament to modern furniture design.",['Quality']
Sofa,"I sit on this cozy couch every evening, knitting sweaters for my grandkids, and it's so comfortable!",['Quality']
Sofa,"This sofa is a real treat; it's like sitting on a cloud! And it's held up beautifully, despite daily use.",['Quality']
Sofa,"The grandchildren had a movie marathon on this sofa last weekend, and it stood up to the test. Sturdy and stylish!",['Quality']
Sofa,"The sofa's sleek, modern design impressed me, but it's also incredibly comfortable and sturdy. I'm delighted with the high-quality craftsmanship and attention to detail, from the robust frame to the expertly crafted cushions.","['Quality', 'Design']"
Sofa,"This sofa is a testament to the manufacturer's expertise, boasting impeccable stitching and a robust build. I appreciate the thoughtful design touches and the premium materials used throughout.",['Quality']
Sofa,"A sofa that seamlessly blends form and function, offering both style and comfort. The high-grade fabric is luxurious to the touch, and the sturdy construction ensures it will stand the test of time.","['Quality', 'Design']"
Sofa,The quality of this sofa surpasses my expectations. It's a robust piece of furniture with meticulous craftsmanship evident in every detail. I'm particularly impressed by the ergonomic design of the cushions.,['Quality']
Sofa,"Style, comfort, and durability define this exceptional sofa. The sleek lines and contemporary aesthetic make a bold statement, while the high-quality materials ensure its longevity.","['Quality', 'Design']"
Sofa,This sofa looks and feels luxurious. The high-quality fabric and sturdy construction impress me; it's evident this piece will last for years.,['Quality']
Sofa,"The attention to detail on this sofa is remarkable, with exquisite stitching and a choice of premium fabrics. I'm delighted with its comfort and sophistication!",['Quality']
Sofa,I appreciate the sturdy build and robust framework of this sofa. It's a testament to its quality that ensures longevity. The kids can jump on it without worry!,['Quality']
Sofa,"This sofa's plush, cushioned elegance offers a cozy welcome after a busy day. The soft, luxurious fabric is a dream, and I'm confident it will retain its shape and beauty for years to come.",['Quality']
Sofa,"The craftsmanship is evident in this sofa's sleek design, with impeccable attention to detail. From the sturdy legs to the high-grade fabric, it's a timeless addition to our living room, exuding quality and style.",['Quality']
Sofa,The Sofa's exquisite craftsmanship is evident in its sleek design and premium materials. A close inspection reveals attention to detail and a high-quality finish that justifies its premium price tag.,['quality']
Sofa,This sofa is a must-have for those seeking an elegant and luxurious living room centerpiece. Its sturdy construction and durable upholstery ensure it will remain a staple in your home decor for years to come.,['quality']
Sofa,"I was impressed by the Sofa's exceptional comfort and lush, pillowy softness. It's like sinking into a cozy cloud! The high-grade foam and plush cushioning provide an indulgent seating experience.",['quality']
Sofa,"Sofa's timeless design and exceptional attention to detail make it a fantastic investment piece. The rich, deep seating offers a welcoming respite after a long day, enhancing your relaxation.",['quality']
Sofa,"This sofa seamlessly combines style and functionality. The high-quality fabric is both stunning and durable, ensuring your living space remains fashionable and comfortable for many seasons.",['quality']
Sofa,"The sofa's sleek design and sturdy construction impressed me. Its plush, high-quality fabric and supportive cushions make it a stylish, comfortable centerpiece in my living room.","['Quality', 'Design']"
Sofa,"This sofa is a solid investment, boasting premium materials and expert craftsmanship. I'm delighted with its timeless style and attention to detail, from the tufted cushions to the sleek, polished legs.",['Quality']
Sofa,"The upholstery is luxurious and durable, ensuring this sofa will remain a stylish, cozy spot for many movie nights. Its elegant lines and neutral hue seamlessly blend with any decor.","['Quality', 'Design']"
Sofa,"I appreciate the sofa's focus on comfort, with plush, pillow-like seats and a relaxed, laid-back vibe. The high-grade foam and spring system ensure a supportive and long-lasting seating experience.",['Quality']
Sofa,"This sofa seamlessly combines form and function, offering a luxurious lounging experience. The attention to detail, from the stitching to the premium fabric choices, is exceptional.","['Quality', 'Design']"
Sofa,The sofa looks cheap but is actually well-crafted and sturdy. I love how comfortable it is and the material is super soft.,['Quality']
Sofa,"This couch looks amazing and feels like a dream! It's the comfiest thing ever, but I noticed a few threads coming loose.",['Quality']
Sofa,"I'm surprised by how good this sofa looks in our living room. It's stylish and seems pretty durable, but mum says it's not the most comfortable.","['Quality', 'Design']"
Sofa,It's so cozy - I nap on it every day after school! The armrests are the perfect height and the material is so lush.,['Quality']
Sofa,"This sofa is a major upgrade from our old one. It's super sleek and modern, and the quality is evident. I sit on it with my friends all the time.","['Quality', 'Design']"
Sofa,This sofa is the comfiest thing ever! I love how sturdy and cozy it is - the perfect spot for my afternoon naps.,Quality
Sofa,My grandchildren love jumping on this new sofa! It's held up beautifully and doesn't show any signs of wear and tear.,Quality
Sofa,This sofa is a real treat - it's so plush and luxurious. I feel like I'm sitting on a cloud when I read my evening paper.,Quality
Sofa,The grandkids aren't the only ones who love this sofa! It's incredibly comfortable and the perfect addition to my living room.,Quality
Sofa,"I was concerned about the quality, but this sofa is a dream come true! So soft and well-crafted, it's the highlight of the room.",Quality
Sofa,The sofa's craftsmanship is subpar; the stitching is loose and the material feels cheap.,['Quality']
Sofa,The frame is poorly constructed; it creaks and feels unstable.,['Quality']
Sofa,The sofa's quality is disappointing; it started sagging after just a few weeks of use.,['Quality']
Sofa,The sofa's build quality is impressive; it's sturdy and the fabric is durable.,['Quality']
Sofa,The craftsmanship on this sofa is top-notch; the leather is high-quality and the stitching is flawless.,['Quality']
Sofa,I'm satisfied with the sofa's quality; it's held up well under daily use.,['Quality']
Sofa,"This sofa is so uncomfortable, I can't even sit on it for long.",['Quality']
Sofa,The material looks cheap and started to fray after just a week.,['Quality']
Sofa,"Ugh, the cushions are so poorly made, they sink right in!",['Quality']
Sofa,This sofa is super cozy and I love lounging on it!,['Quality']
Sofa,"The fabric feels really nice and durable, I don't worry about it getting ruined.",['Quality']
Sofa,The stitching is neat and it seems like it will last for years!,['Quality']
Sofa,The sofa's design is outdated and doesn't fit our modern office aesthetic.,['Design']
Sofa,"The sofa's design is uncomfortable for long hours of sitting, causing back pain.",['Design']
Sofa,The sofa's sleek and minimalist design complements our office perfectly.,['Design']
Sofa,The sofa's ergonomic design provides excellent support during work breaks.,['Design']
Sofa,"The vibrant color of the sofa adds a lively touch to our workspace, enhancing the design.",['Design']
Sofa,"The sofa's design is versatile, easily transforming from a seating area to a guest bed.",['Design']
Sofa,"Bought this sofa at a great sale, but it's not as comfortable as I hoped.",['Non-review']
Sofa,"The sofa's design is sleek and modern, but it's not very durable.","['Quality', 'Design']"
Sofa,"The sofa's performance is excellent, but it's a bit too expensive for my budget.","['Performance', 'Value']"
Sofa,"Absolutely love the sofa's design and comfort, it's perfect for our living room!","['Design', 'Quality']"
Sofa,"Great value for the price, the sofa is both comfortable and stylish!","['Value', 'Design']"
Sofa,"The sofa's performance is top-notch, and it's holding up well with my kids and pets.","['Performance', 'Quality']"
Sofa,Uncomfortable and poorly made. Definitely not worth the price.,"['Quality', 'Value']"
Sofa,"Stiff cushions, but great design and color!","['Quality', 'Design']"
Sofa,The sofa's fabric started to pill after just a few weeks. Disappointing.,['Quality']
Sofa,"Comfy and stylish, perfect for my home office!","['Quality', 'Design']"
Sofa,"Excellent performance, very supportive and comfortable for long workdays.","['Performance', 'Quality']"
Sofa,"Great value, considering its durability and comfort. Highly recommend!","['Quality', 'Value']"
Sofa,"Bought this sofa for my mom's birthday, she loved it!",['non-review']
Sofa,"Wish I could review this sofa, but it's still in the box in my garage.",['non-review']
Sofa,"I just wanted a place to nap, and this sofa does the job!",['non-review']
Sofa,"Absolutely loving this sofa, it's so comfortable!",['non-review']
Sofa,My friends and I have the best movie nights on this sofa!,['non-review']
Sofa,The color of this sofa matches my room perfectly!,['non-review']
Sofa,The sofa's build quality is subpar; it feels flimsy and doesn't meet my expectations for durability.,"['Quality', 'Performance']"
Sofa,The sofa's performance leaves much to be desired - it's slow to recline and the motor is quite noisy.,"['Quality', 'Performance']"
Sofa,"The sofa's design is sleek, but the material quality is disappointing - it already shows wear after minimal use.","['Quality', 'Design']"
Sofa,"As a techie, I appreciate the sofa's smart integration, but the overall build quality could be better.","['Quality', 'Performance']"
Sofa,"The sofa's performance is top-notch, with quick and quiet motorized adjustments - perfect for my tech-savvy lifestyle!","['Quality', 'Performance']"
Sofa,Both the quality and performance of this sofa are exceptional - it's a solid investment for any tech enthusiast.,"['Quality', 'Performance']"
